t,Sector,SWater,SEnergy,SEmi_SO2,SEmi_NOx,SEmi_VOC,SEmi_COD,SEmi_NH,SEmi_PM,SProduct,P,AllProduction,AllProvalue,AllWater,AllEnergy,AllEmi_SO2,AllEmi_NOx,AllEmi_VOC,AllEmi_COD,AllEmi_NH,AllEmi_PM
1,食品,1930053.6561259946,50881.83490698853,65.14693830846196,123.29773184621402,0.06034230002204397,451.71053886284477,10.685319836382162,470.35079739871037,264793.55198988004,0.8335300502776718
1,冶金,534866.9064142954,805488.1419431521,3220.1991618507354,2112.9981233176636,1.4179796070123218,69.79334113010786,8.644580320899689,23724.646539913287,1468646.7523473704,0.7494453424971439
1,其他,207939.96792928845,3779.845970683235,2.7636286583758913,12.94328205600794,64.10137564507514,12.728223632956308,3.0637404871044085,607.2767141242,204750.79268041044,0.9024371893163929
1,化工,14114660.492971657,4124035.692517908,2006.046910081911,2495.8870475244576,329.32240126660497,6773.9404518891,583.1955763966563,5175.521919970474,3238478.8834142243,0.8837160980075589
1,电热,5970464.409612042,19728767.948267672,55719.9516504033,22321.71797048608,0.0,193.85450066833437,129.33700467652002,510498.3616104133,1161885.039942399,0.7116174186033499
1,纺织,13168749.753345268,73573.62765918611,82.80334985693266,93.55886105125174,79.77901725994164,11623.36678360549,1003.2002159929112,20.067693700761676,3179838.6037339238,0.8585243238370877
1,造纸,431.76702760979504,6568.132049093387,8.240811023766817,19.613885183969703,19.089581689215045,0.011744063150986424,0.001013213291457652,13.864307331514198,50951.79233095032,0.8835577278196982
1,装备,456159.60208613984,9166.841802565512,0.4478146873244809,3.130631930563023,19.07727512056782,22.866629425036187,2.375983682565094,51.575447061091,276498.87927631545,0.9294868290885825
1,建材,89544.066674924,1392211.674439233,5048.986053107528,12318.393353971658,0.010406647313178044,29.47435927512985,0.19938392611806874,77558.35689192692,1056850.647553978,0.8295406723922456
1,,,,,,,,,,,,10902694.943269445,10902694.943269445,36472870.622187234,26194473.73955648,66154.58631797836,39501.54088736781,512.858379535752,19177.746572552136,1740.7028185324482,618120.021921841
2,食品,2735035.955798305,72876.41941035812,98.97325464994228,145.9079141981818,0.07643117962522943,797.6832244039399,16.026559570003574,948.6615239915955,373776.3441761364,0.8144324377443501
2,冶金,729488.9235096709,1117453.1441414896,4847.206163638504,2333.244333995175,2.1230160781716325,78.07358371196428,9.39240440733803,46431.39309670665,2028923.2300699644,0.7043136132869048
2,其他,308318.90856458055,5583.692733175863,3.2702478764914096,15.325528531260776,97.55806533219139,19.26680597777498,4.304575584874714,1242.3067021427073,301347.8853254407,0.7910782655310066
2,化工,20650501.425626755,6038645.268767129,3197.275538028289,3446.9061011982976,482.951585428962,13068.814829682624,1019.0933883090261,10324.141516234655,4740238.897513654,0.9352395147311702
2,电热,8061992.7216623835,26211874.140590325,99968.2453543563,33779.29499964491,0.0,229.7377311487049,234.54635525095338,950643.8138019558,1516951.8975831605,0.9219275024331534
2,纺织,19360192.325999152,107134.61144707343,118.46290980164933,116.51630456603432,98.28255324702077,21545.8586753867,1395.813418634209,31.043073940017287,4631709.130148488,0.8861220524464285
2,造纸,621.638561651891,9714.160009152383,12.93226507662645,23.163201526415772,25.565139020386752,0.017452295405522962,0.0014640831404025337,24.011478037344588,74551.41982006146,0.7557160054041048
2,装备,663819.537218382,13316.071759493203,0.8181703509899206,3.6941522460086262,34.988364816516885,33.62870332815161,3.2385913166913647,103.93101083789276,403031.70501975383,0.7854709708710635
2,建材,131797.17053785233,2025623.884948443,7563.47807615438,16137.550174644794,0.012299663334883719,45.72156726489295,0.2346306688436362,159220.912607262,1532994.900421795,0.9197766380759662
2,,,,,,,,,,,,15603525.41007845,13061182.948554965,52641768.60747874,35602221.39380662,115810.66197993308,56001.60271055109,741.5574547662102,35818.80257320013,2682.6513878250757,1168970.2148111083
3,食品,4034262.2132910634,107473.17702885625,139.82473918280044,175.9422101972686,0.09788000439821416,1206.7009667824377,22.493415444204935,1508.623802870975,545935.2396475122,0.8136670567929635
3,冶金,853419.89680504,1306487.898868307,5871.397858446971,2269.9030144589033,2.5861027535578276,78.59130012208081,9.501379605416302,59399.78389680371,2402148.3340557767,0.8920057069788049
3,其他,432653.0836427147,7863.3589015107445,3.6657655530209867,17.2419675922902,131.2997805338303,25.288009809651573,5.397100526595079,1853.8898022578508,427805.86593348265,0.9313327587177396
3,化工,30229959.26869522,8807219.67178965,4524.544806578201,4498.484436627591,650.287577540528,20236.250564140177,1512.717958950988,16061.116083552017,6912239.7184366835,0.8277774119915587
3,电热,11584288.908518609,37237560.521669164,150599.6649468066,47637.676764558724,0.0,288.53754944435263,361.2190579676049,1441487.4752742348,2139900.5718301823,0.9335702932100624
3,纺织,28264440.20567978,157122.7117637712,160.3088645294423,143.3308907871225,119.82872792091817,32562.42811454247,1833.1454111409853,43.23721908723317,6762794.460666385,0.8983671021396022
3,造纸,914.9719720889321,12763.706521905282,16.14973813313132,24.5243126338504,31.127602528089348,0.024247782028965444,0.0020037837390242436,31.08209147082077,104208.90162042688,0.7603133730006015
3,装备,958307.8107660152,19324.80277236792,1.188734290697528,4.302827809287395,53.33924585652589,45.482119772122715,4.199006421364864,163.3833297361745,590916.5934429414,0.8256075030695704
3,建材,192159.5077527624,2959066.6195412404,10441.971780689077,20522.054035815683,0.014835762072865152,63.55248248700096,0.27834143289387486,250240.59261033023,2242417.0269059152,0.8922284471920165
3,,,,,,,,,,,,22128366.71253929,19510438.24005862,76550405.86712337,50614882.46885679,171758.71723421002,75293.46046048081,988.5817528999204,54506.85535488229,3748.953675273793,1770789.1841103442
4,食品,5819990.72719551,159367.478728264,188.64684281189614,211.94310911344755,0.11818029125380079,1660.4103392482862,29.447275541370352,2172.176424141133,780065.9661190605,0.9008920059686981
4,冶金,1203887.4793924652,1839548.2352108245,7573.751297710672,2562.1573543072786,3.382229734326023,93.39611074138666,11.297914412499505,80725.25376689194,3387421.322247315,0.9404483529136578
4,其他,644537.3629798719,11624.097854950305,4.359577655629747,20.456880198286555,174.09763537325404,33.68234896836256,6.999321020628783,2648.9512546974106,628795.4624456215,0.803803782121165
4,化工,44139654.084771015,13004366.381943699,6093.206236662129,5761.792431583503,852.7816813874035,28309.73881011682,2076.249976969701,22432.909904677905,10041176.841646465,0.8560646343274685
4,电热,16993517.748026174,53875248.007735915,207671.18555223715,63512.95117283931,0.0,357.35661783523227,494.4834268803755,1998954.740929557,3079066.474781477,0.9477132413115391
4,纺织,41062223.06750004,229440.94377443768,203.1916242039531,171.98958014816554,144.95195729414914,44824.468740648175,2324.4276824331337,56.4194795171671,9877489.525522996,0.9334448700810316
4,造纸,1327.6310935717809,18219.172766467822,21.47729596804267,27.51944073812831,37.68558395678109,0.031580869925061976,0.0025858668036720777,41.72358173931298,145755.0588301731,0.8378216343628955
4,装备,1378375.6896300206,27741.699473905686,1.6030618639131051,4.8896403496027,72.4795439464797,58.41358533626917,5.206421792596589,225.10197231506643,851657.8631165702,0.8725963197667074
4,建材,281501.75107198843,4306440.730511469,13581.802727923136,25475.510569975235,0.01798156151632097,84.67880723794778,0.3164429529652423,349627.0103680974,3277477.487704195,0.7383460947238242
4,,,,,,,,,,,,32068906.00241389,28040140.247121915,111525015.5416608,73471996.74799986,235339.22421703656,97749.210179253,1285.514793545162,75422.17694100228,4948.431047870071,2456884.2876816355
5,食品,8587215.817693537,237879.90105661596,247.13818618404326,256.79701115628296,0.14672507530586573,2180.7141855392597,37.552148079564134,2961.022562919348,1150581.7143170212,0.7777085841137771
5,冶金,1749009.218758207,2689151.514154675,9945.827384549279,3035.3045612174974,4.327533744379805,112.93902664623691,13.589692257360163,107912.67661125596,4961447.894053661,0.892860979158888
5,其他,938528.1096232868,16954.225086032722,5.073821593762713,23.751968370040203,221.62365553590357,42.608285284448385,8.703239715319759,3510.8001964463456,918498.2422663695,0.8166575008622947
5,化工,63626940.812174045,18736222.957736652,7613.945155020787,7033.798583383685,1063.8950915020753,37095.80658260358,2670.531076088724,29513.413239483973,14548137.866332026,0.8534513180692146
5,电热,25114665.7277683,80137952.08285101,280420.28068605426,83667.32790438578,0.0,443.53204765654056,649.0448437924226,2703618.4256169437,4567037.811859814,0.8941248528510498
5,纺织,59580142.1477407,327545.8343401818,244.42714133380355,201.52489742052822,174.14238265198685,58759.249491507944,2886.9817756644206,70.9287897886586,14453594.684160473,0.9119354132956743
5,造纸,1943.4998490238142,26276.354280282292,27.469955327622035,32.331346877634985,44.25474919075348,0.040201797261530545,0.0032717922361980315,54.23563388729709,206445.43736294194,0.859074270451248
5,装备,1978381.6408193351,39833.588402759764,2.057791631107231,5.635341453976027,95.64708012692053,72.30425480635115,6.387717982854832,298.53724014120775,1233815.0195530131,0.8355498561409493
5,建材,378844.5369529195,5979090.575002501,16299.37212329275,29529.449568219432,0.020446730945650898,98.72812163094193,0.34319952184255564,454281.22574849206,4567670.707451597,0.8767220590154466
5,,,,,,,,,,,,46607229.377356894,41336958.800298505,161955671.51137942,108190907.03291076,314805.59224498743,123785.92118248485,1604.0576645582717,98805.92219747254,6273.1369648947475,3302221.2656393577
6,食品,12422964.452795994,341395.68218693964,303.1497215294183,298.11697052617075,0.1654095079968383,2720.4337232499174,45.15246286323621,3728.3835590182352,1633735.8472211366,0.9265644354158309
6,冶金,2563445.4690520936,3956243.6656469596,12664.412475552102,3590.00625156649,5.4806932835926325,134.54841318811629,16.107972423748436,139553.1675580011,7299252.846145439,0.8185635063883603
6,其他,1394917.449198827,25149.797578161862,6.032804912666402,28.20165857960559,280.3311456119111,53.886548805700734,10.875056033209843,4578.719094359333,1360974.9162984458,0.8479340752437045
6,化工,93402144.63756086,27841809.143058855,9604.202379919836,8646.779979862156,1319.7213045776687,47656.71083907864,3411.017486575356,37456.749658471694,21261262.016329914,0.9348380670730283
6,电热,37115378.16190413,118096048.924211,364319.8056619135,107010.63280057184,0.0,540.6009179856226,816.2847603870703,3526220.5765278456,6729347.638728181,0.8670930021847174
6,纺织,87163464.0339095,475666.2700278044,292.2219199275064,235.8957026188998,208.66387957065538,74894.67107124384,3544.551472868151,87.2127185441854,21154968.760685634,0.7479011852177719
6,造纸,2747.2035731986257,38778.514259841635,34.49071725109935,37.953782526147016,53.44394358427519,0.04837175028207053,0.0039200830604423035,69.48630177731792,295873.8152447376,0.8936911706410815
6,装备,2835811.2328615054,57592.73283204476,2.5742697989281407,6.598999925338017,119.9798552208812,87.59956508083073,7.70074963261193,378.4859381917514,1784467.4855963811,0.8136701479109899
6,建材,542908.6088072725,8581438.506736979,20037.313435706543,35291.12363942947,0.024454070470676856,120.33761101598257,0.4008590144885342,560621.7454484145,6610096.50489039,0.7539246806478281
6,,,,,,,,,,,,68129979.83114026,59893939.5996361,237443781.2496634,159414123.23653853,407264.20338651154,155145.30978560605,1987.8106854274515,126208.83706139898,7852.094739880938,4272694.52680462
7,食品,17875663.544340804,495816.4051721896,370.5892608868028,350.4299891925154,0.19394473197976708,3327.233569930687,54.932737449921895,4639.370592251301,2373187.959760185,0.7740961625368694
7,冶金,3706396.1657858044,5744236.369234293,15240.014489473522,4128.549322866022,6.489451503481668,157.75238299284942,18.90208340102344,172736.86351068458,10573480.753081208,0.7925036692148564
7,其他,2055977.5852028052,37027.709043045346,7.090005013853971,33.207000934921595,345.3907599168442,66.49683488496599,13.290822400468794,5770.659991776065,1963419.2789270836,0.8322027796472172
7,化工,135268692.32514966,41105263.727778204,11832.126478136888,10446.196495171629,1595.4681775274964,58822.18190810112,4202.180684240313,46613.84530752512,31081902.127941344,0.7784552285903403
7,电热,52365629.32333104,169507489.9252108,443386.0315465506,129029.87234993615,0.0,630.0456061117062,1034.6582388917975,4302358.839231225,9619234.72425849,0.7491603873277706
7,纺织,123955112.72736928,653473.9871681313,314.9919996567859,258.41546423682286,241.85634835051187,90704.86416078484,4194.367541704013,99.09417341312779,29891202.270252418,0.8503096040136237
7,造纸,4089.79103245799,57437.95432075901,42.79965478481583,44.83627564908622,64.10017091760344,0.060382239132285964,0.004878544707066734,87.37374235511231,429602.1728879857,0.7535550977695141
7,装备,4158034.9186439654,83474.76892235067,3.1977759533734442,7.761961791856581,151.41551551257356,107.31467129369845,9.383508521121925,479.1264549630678,2596697.1955881873,0.8134805303383782
7,建材,782525.9407447443,12262392.349526698,24001.33729018617,41387.71984792601,0.028565493741412776,145.19035405454403,0.47107855355204303,673977.5709915765,9409136.4310063,0.8122830006651732
7,,,,,,,,,,,,97937862.91370316,81862376.0190868,340172122.3216004,229946613.19637665,495198.1785006432,185686.98870770494,2404.942933954232,153961.1398703936,9528.19157370692,5206762.743995767
8,食品,23955032.440983776,657472.6981280354,405.9151743907134,376.2954954273392,0.21875910797356116,3684.5324366545074,62.19356222214269,5133.739893872762,3245839.121902157,0.9345843535844433
8,冶金,5398114.629217845,8401849.615454534,18339.79961267626,4796.759358427806,7.613574253298993,188.4110851819721,22.497713509662276,212102.82887792928,15437062.090867093,0.7990087125610648
8,其他,3062456.927728437,54609.14232985301,8.41780575587637,39.45568924033311,423.54675812082417,82.14465194359634,16.30746567902615,7219.4777496018105,2904912.9886077074,0.7463950362679868
8,化工,196110525.61180076,59205781.54871548,14232.502847680611,12320.796281723095,1865.2622336169304,72535.96238073088,5153.577229795226,56208.10447152506,44719471.92650611,0.8243369258288654
8,电热,77200660.99842608,242251472.91336486,527208.6864801276,153101.2002761058,0.0,763.5804719528606,1276.9687525258068,5069122.08596261,13666154.975285275,0.8437701621185257
8,纺织,181761461.70019203,957819.5975237036,378.1078392167224,303.7595562327476,285.1280798444798,110869.18976782565,5051.910993701166,118.13641729859704,43339995.37322932,0.948646484433991
8,造纸,5495.659877801037,83973.58156711029,51.71170863694177,51.796644614405366,76.58371697327014,0.06729573448763333,0.005424909178640366,106.43018617904832,613175.1080029593,0.7993978870664606
8,装备,5873314.438545772,120162.86497034664,3.660922730129361,8.870140506378865,181.00493697996004,126.43940894997935,10.92506092236979,574.8078476103329,3746815.9980020495,0.8036800899405068
8,建材,1146840.9413819206,17730877.344485126,28828.383328771466,48814.520010295564,0.03315933192731611,177.02523298839174,0.5486349100404065,813447.3168767869,13675030.995073678,0.9113146518495577
8,,,,,,,,,,,,141348458.57747638,113684677.92491914,494513903.3481542,329464019.30653954,589457.1857199866,219813.45345257368,2839.3912182286645,188427.35273196234,11594.934838174606,6164032.928283415
9,食品,35119132.8731963,968705.9296427863,493.25655561953295,445.7494939819375,0.2556190148964771,4493.22655701422,74.78063089449383,6302.054541341254,4741797.924393962,0.8589239832184409
9,冶金,7856827.660755852,12351615.805505386,22361.17562724598,5657.821738224949,8.926152144247194,217.7944482818854,25.950283299723452,259806.57236316736,22653492.70487752,0.8178929060172957
9,其他,4543510.456610534,80491.478515485,9.939085104703317,46.64406566781026,510.4413127019233,100.45762692100824,19.845163251780686,8920.944690068773,4202894.713718503,0.7166255359224745
9,化工,282699501.2109461,83294008.86596814,16757.247870956926,14552.272373458138,2191.5360833692275,87789.56639295537,6214.0651800232245,65968.98897154353,64712067.12914948,0.8056143808004665
9,电热,113241299.31653239,357529956.9983867,645051.9845283825,186439.72299468616,0.0,906.3496493339953,1569.7559050030507,6228604.399664853,20137558.424348745,0.9104364528409996
9,纺织,266526719.66124588,1423570.0537790833,461.51207965705487,363.027950644977,338.38612812240126,134946.83477323045,6062.251757751526,141.60192254807941,63645802.18383629,0.801080751233932
9,造纸,7952.03075215661,122261.56119381155,62.553263867033706,60.69298999461808,90.21588038651696,0.08010814357109403,0.006446851765935257,128.7794186369378,881375.5986371263,0.7902479819055177
9,装备,8508919.225825556,173531.6198721062,4.447257395705205,9.818364496577878,208.3051761691878,151.67621582226005,12.627833801420651,662.197817261802,5362699.107333839,0.8527808479479824
9,建材,1696118.1775937947,25947828.520241268,34858.56767022523,58147.83240570591,0.03935677137984894,215.63128487843065,0.6496502345759261,983022.344469993,20011366.419046585,0.9289598290520819
9,,,,,,,,,,,,206349054.20534232,179633467.56312144,720199980.6134578,481891970.83310443,720060.6839384547,265723.5823768612,3348.1057086797828,228821.61705658137,13979.932851111556,7553557.883859416
10,食品,51235512.20911042,1414574.4459324118,590.6139150783494,523.6288234802364,0.30107999940012514,5330.352081843972,87.65306009477808,7600.147091979132,6882041.069743382,0.9097487096337775
10,冶金,11269167.651878662,17542094.13749616,25400.251250621102,6338.430971399711,10.718526405528833,253.53766608922606,30.131263689192554,302269.1885933227,32141834.05493458,0.7872887609990512
10,其他,6210357.4625882795,109262.50375083547,10.828088452641328,50.80896163666055,574.5820629111788,112.12464191553492,22.056532397429425,10026.289590724582,5591417.797816712,0.7223476093596639
10,化工,412823902.5894504,121314244.29830426,19852.680644261512,16851.866316655218,2574.7598569765073,106187.45437886802,7484.623277138165,79843.67284799888,93837586.23701745,0.9239002987295349
10,电热,164315134.74304444,519840742.2618182,767165.0605794179,220860.23426041505,0.0,1079.4310722049838,1933.0854501716706,7369779.256697728,29196359.950775992,0.7052574865255958
10,纺织,378516364.2660916,2077846.4090235713,558.7723013342247,432.1977448434426,396.811947237453,159287.92895465269,7020.454256431823,170.00039915470077,92240519.43475485,0.8329512296581311
10,造纸,11845.291012049132,175291.38133231917,72.79971249675599,68.48330074545434,107.10345652039791,0.0975682438551312,0.007841877350373476,150.4881812409818,1265784.4247988455,0.7141877204320968
10,装备,12347666.586313166,251803.39222476975,5.422442617503113,11.214908606858542,242.4571077008494,179.74607042363155,14.74145686488489,773.7288096681242,7719956.349700212,0.9200671610179327
10,建材,2483538.8033822724,37956849.79051527,42000.22638057576,68999.02541988775,0.046981957878716556,257.548909944521,0.7709690562463019,1196866.436487032,29406606.62569581,0.7825517905909919
10,,,,,,,,,,,,298282105.9452376,247178395.6619919,1039213489.6028715,700682708.620398,855656.6553148566,314135.8907076708,3906.781019709192,272688.22134418634,16593.524107721536,8967479.208698854
